,ticker,date,open,high,low,close,volume,source,fetched_at,raw_checksum,Return
0,PETR4.SA,2025-02-28 00:00:00+00:00,32.76608469432868,32.81995931740101,32.15548051327414,32.26323318481445,55476800,yfinance,2026-02-27 03:07:11.672915,3576e748d6e5935b02b5a31a363cc995504db6c70e9b511fea846a61f43d2396,
1,PETR4.SA,2025-03-05 00:00:00+00:00,31.446103762681176,31.526919128184936,31.024067584450897,31.086923599243164,48552000,yfinance,2026-02-27 03:07:11.672915,3576e748d6e5935b02b5a31a363cc995504db6c70e9b511fea846a61f43d2396,-0.03714102267201465
2,PETR4.SA,2025-03-06 00:00:00+00:00,31.257533984591536,31.535895341690455,30.55713304727504,30.763660430908203,47749600,yfinance,2026-02-27 03:07:11.672915,3576e748d6e5935b02b5a31a363cc995504db6c70e9b511fea846a61f43d2396,-0.010453130457004415
3,PETR4.SA,2025-03-07 00:00:00+00:00,30.79060507816469,31.365290640450812,30.73672702217681,31.09590721130371,28074700,yfinance,2026-02-27 03:07:11.672915,3576e748d6e5935b02b5a31a363cc995504db6c70e9b511fea846a61f43d2396,0.010742072340348961
4,PETR4.SA,2025-03-10 00:00:00+00:00,31.051008323216085,31.086923599243164,30.530197428770553,31.086923599243164,35037200,yfinance,2026-02-27 03:07:11.672915,3576e748d6e5935b02b5a31a363cc995504db6c70e9b511fea846a61f43d2396,-0.000288941883344552
5,PETR4.SA,2025-03-11 00:00:00+00:00,31.20365822212726,31.338351642165332,30.44938260578518,30.619991302490234,28805400,yfinance,2026-02-27 03:07:11.672915,3576e748d6e5935b02b5a31a363cc995504db6c70e9b511fea846a61f43d2396,-0.015134161536168833
6,PETR4.SA,2025-03-12 00:00:00+00:00,30.673869355584657,30.88937814256638,30.49427927066588,30.619991302490234,20149100,yfinance,2026-02-27 03:07:11.672915,3576e748d6e5935b02b5a31a363cc995504db6c70e9b511fea846a61f43d2396,0.0
7,PETR4.SA,2025-03-13 00:00:00+00:00,30.69183204543253,31.01509354837319,30.56611999993257,30.925296783447266,19263600,yfinance,2026-02-27 03:07:11.672915,3576e748d6e5935b02b5a31a363cc995504db6c70e9b511fea846a61f43d2396,0.009921408927540516
8,PETR4.SA,2025-03-14 00:00:00+00:00,31.06896537986566,32.11058378128993,30.862437977256953,31.877119064331055,41529400,yfinance,2026-02-27 03:07:11.672915,3576e748d6e5935b02b5a31a363cc995504db6c70e9b511fea846a61f43d2396,0.030313966608120763
9,PETR4.SA,2025-03-17 00:00:00+00:00,31.975890767700626,32.69424762757262,31.966909380167145,32.46976089477539,31175900,yfinance,2026-02-27 03:07:11.672915,3576e748d6e5935b02b5a31a363cc995504db6c70e9b511fea846a61f43d2396,0.018420740487913284
10,PETR4.SA,2025-03-18 00:00:00+00:00,32.496700286865234,32.69424972049958,32.245276226164016,32.496700286865234,15086400,yfinance,2026-02-27 03:07:11.672915,3576e748d6e5935b02b5a31a363cc995504db6c70e9b511fea846a61f43d2396,0.00082933233991568
11,PETR4.SA,2025-03-19 00:00:00+00:00,32.56853560526948,32.62241365428327,32.353026834610034,32.46976089477539,21180500,yfinance,2026-02-27 03:07:11.672915,3576e748d6e5935b02b5a31a363cc995504db6c70e9b511fea846a61f43d2396,-0.0008293323399155801
12,PETR4.SA,2025-03-20 00:00:00+00:00,32.4697618728327,32.75710462543686,32.11058171937959,32.54159927368164,46921900,yfinance,2026-02-27 03:07:11.672915,3576e748d6e5935b02b5a31a363cc995504db6c70e9b511fea846a61f43d2396,0.002210026308005776
13,PETR4.SA,2025-03-21 00:00:00+00:00,32.52364137472815,33.25097625110166,32.487722672700926,33.04444885253906,61175700,yfinance,2026-02-27 03:07:11.672915,3576e748d6e5935b02b5a31a363cc995504db6c70e9b511fea846a61f43d2396,0.015334341574405514
14,PETR4.SA,2025-03-24 00:00:00+00:00,32.954657013552996,33.17016238467269,32.77506692068918,32.99955368041992,20348000,yfinance,2026-02-27 03:07:11.672915,3576e748d6e5935b02b5a31a363cc995504db6c70e9b511fea846a61f43d2396,-0.0013595535495304104
15,PETR4.SA,2025-03-25 00:00:00+00:00,33.089348039624234,33.69097435555359,32.891802014208395,33.25996017456055,28036100,yfinance,2026-02-27 03:07:11.672915,3576e748d6e5935b02b5a31a363cc995504db6c70e9b511fea846a61f43d2396,0.007860239827347933
16,PETR4.SA,2025-03-26 00:00:00+00:00,33.35873625165297,33.78975045011058,33.35873625165297,33.574241638183594,26870300,yfinance,2026-02-27 03:07:11.672915,3576e748d6e5935b02b5a31a363cc995504db6c70e9b511fea846a61f43d2396,0.009404878689570803
17,PETR4.SA,2025-03-27 00:00:00+00:00,33.61015535105271,34.095047536802305,33.57423665016847,33.825660705566406,28444400,yfinance,2026-02-27 03:07:11.672915,3576e748d6e5935b02b5a31a363cc995504db6c70e9b511fea846a61f43d2396,0.007460551864345942
18,PETR4.SA,2025-03-28 00:00:00+00:00,33.80770261505611,34.0142299938181,33.30485111107323,33.61015319824219,22057700,yfinance,2026-02-27 03:07:11.672915,3576e748d6e5935b02b5a31a363cc995504db6c70e9b511fea846a61f43d2396,-0.006391507078985313
19,PETR4.SA,2025-03-31 00:00:00+00:00,33.538318809005105,33.79872425899725,33.29587613531138,33.36771011352539,26049400,yfinance,2026-02-27 03:07:11.672915,3576e748d6e5935b02b5a31a363cc995504db6c70e9b511fea846a61f43d2396,-0.007239530543807604
20,PETR4.SA,2025-04-01 00:00:00+00:00,33.4934196472168,34.095045868707764,33.40362632479519,33.4934196472168,19075600,yfinance,2026-02-27 03:07:11.672915,3576e748d6e5935b02b5a31a363cc995504db6c70e9b511fea846a61f43d2396,0.0037603217974077913
21,PETR4.SA,2025-04-02 00:00:00+00:00,33.46648531935686,33.49342263340587,33.071389869922115,33.403629302978516,16959200,yfinance,2026-02-27 03:07:11.672915,3576e748d6e5935b02b5a31a363cc995504db6c70e9b511fea846a61f43d2396,-0.0026844352499215763
22,PETR4.SA,2025-04-03 00:00:00+00:00,32.460785185542285,32.59547517933121,31.975892986951898,32.32609176635742,65896000,yfinance,2026-02-27 03:07:11.672915,3576e748d6e5935b02b5a31a363cc995504db6c70e9b511fea846a61f43d2396,-0.032789857083016606
23,PETR4.SA,2025-04-04 00:00:00+00:00,31.194680958321563,31.43712363918922,30.35958995632307,31.02406883239746,87263200,yfinance,2026-02-27 03:07:11.672915,3576e748d6e5935b02b5a31a363cc995504db6c70e9b511fea846a61f43d2396,-0.04111138158213654
24,PETR4.SA,2025-04-07 00:00:00+00:00,30.45836124595697,31.024068827143115,29.731026352685106,29.793882369995117,85724900,yfinance,2026-02-27 03:07:11.672915,3576e748d6e5935b02b5a31a363cc995504db6c70e9b511fea846a61f43d2396,-0.04046023434097766
25,PETR4.SA,2025-04-08 00:00:00+00:00,30.26081302724606,30.476318377930056,28.62654813271206,28.734302520751953,62128500,yfinance,2026-02-27 03:07:11.672915,3576e748d6e5935b02b5a31a363cc995504db6c70e9b511fea846a61f43d2396,-0.036211463985804285
26,PETR4.SA,2025-04-09 00:00:00+00:00,28.114721697067313,30.15306362729437,27.872277294863235,29.901636123657227,106391600,yfinance,2026-02-27 03:07:11.672915,3576e748d6e5935b02b5a31a363cc995504db6c70e9b511fea846a61f43d2396,0.03982157990103944
27,PETR4.SA,2025-04-10 00:00:00+00:00,29.632251451948555,29.650210803269985,28.01594751237602,28.042884826660156,71250600,yfinance,2026-02-27 03:07:11.672915,3576e748d6e5935b02b5a31a363cc995504db6c70e9b511fea846a61f43d2396,-0.06417825933147024
28,PETR4.SA,2025-04-11 00:00:00+00:00,28.285331387298783,29.00368832475414,27.638810143588962,28.599613189697266,65329400,yfinance,2026-02-27 03:07:11.672915,3576e748d6e5935b02b5a31a363cc995504db6c70e9b511fea846a61f43d2396,0.01965825347573492
29,PETR4.SA,2025-04-14 00:00:00+00:00,29.2730704494234,29.52449793542523,28.231453792673552,28.491857528686523,56015200,yfinance,2026-02-27 03:07:11.672915,3576e748d6e5935b02b5a31a363cc995504db6c70e9b511fea846a61f43d2396,-0.003774847192055711
30,PETR4.SA,2025-04-15 00:00:00+00:00,28.49185801839978,28.61757176356144,27.81839776557641,27.83635711669922,58276900,yfinance,2026-02-27 03:07:11.672915,3576e748d6e5935b02b5a31a363cc995504db6c70e9b511fea846a61f43d2396,-0.023275369495284883
31,PETR4.SA,2025-04-16 00:00:00+00:00,28.096762569885954,28.25839159189725,27.701665408674142,27.83635711669922,73227700,yfinance,2026-02-27 03:07:11.672915,3576e748d6e5935b02b5a31a363cc995504db6c70e9b511fea846a61f43d2396,0.0
32,PETR4.SA,2025-04-17 00:00:00+00:00,28.221100419923918,28.690378790894098,28.027867323617116,28.386728286743164,65752700,yfinance,2026-02-27 03:07:11.672915,3576e748d6e5935b02b5a31a363cc995504db6c70e9b511fea846a61f43d2396,0.01957874588369842
33,PETR4.SA,2025-04-22 00:00:00+00:00,28.340718384450113,28.754788034163255,27.90824700423537,28.45113754272461,41683900,yfinance,2026-02-27 03:07:11.672915,3576e748d6e5935b02b5a31a363cc995504db6c70e9b511fea846a61f43d2396,0.0022664216051120132
34,PETR4.SA,2025-04-23 00:00:00+00:00,28.8468037763018,29.24246994141252,28.0646731888798,28.12908363342285,71566500,yfinance,2026-02-27 03:07:11.672915,3576e748d6e5935b02b5a31a363cc995504db6c70e9b511fea846a61f43d2396,-0.011384097860334298
35,PETR4.SA,2025-04-24 00:00:00+00:00,28.349920671091258,28.377525899952705,27.6598057450322,28.000263214111328,61589200,yfinance,2026-02-27 03:07:11.672915,3576e748d6e5935b02b5a31a363cc995504db6c70e9b511fea846a61f43d2396,-0.004590135204725564
36,PETR4.SA,2025-04-25 00:00:00+00:00,27.91745051403084,28.276309729794022,27.7886296171011,28.083078384399414,35581500,yfinance,2026-02-27 03:07:11.672915,3576e748d6e5935b02b5a31a363cc995504db6c70e9b511fea846a61f43d2396,0.002953291587840345
37,PETR4.SA,2025-04-28 00:00:00+00:00,28.11988445279674,28.322319302723376,27.83463742023565,27.972660064697266,27362000,yfinance,2026-02-27 03:07:11.672915,3576e748d6e5935b02b5a31a363cc995504db6c70e9b511fea846a61f43d2396,-0.003939595323103586
38,PETR4.SA,2025-04-29 00:00:00+00:00,27.880642530095944,28.34992089411418,27.74261989480894,28.119882583618164,33041100,yfinance,2026-02-27 03:07:11.672915,3576e748d6e5935b02b5a31a363cc995504db6c70e9b511fea846a61f43d2396,0.005249284487007435
39,PETR4.SA,2025-04-30 00:00:00+00:00,27.98186048106324,28.138286605380767,27.567790812265944,27.595396041870117,52798300,yfinance,2026-02-27 03:07:11.672915,3576e748d6e5935b02b5a31a363cc995504db6c70e9b511fea846a61f43d2396,-0.01882794265515328
40,PETR4.SA,2025-05-02 00:00:00+00:00,27.78862800095362,28.34992027282715,27.576991426094988,28.34992027282715,33146600,yfinance,2026-02-27 03:07:11.672915,3576e748d6e5935b02b5a31a363cc995504db6c70e9b511fea846a61f43d2396,0.026975269192264444
41,PETR4.SA,2025-05-05 00:00:00+00:00,28.129083517904636,28.17509223171286,27.291744232177734,27.291744232177734,59011700,yfinance,2026-02-27 03:07:11.672915,3576e748d6e5935b02b5a31a363cc995504db6c70e9b511fea846a61f43d2396,-0.03803997054552117
42,PETR4.SA,2025-05-06 00:00:00+00:00,27.705815250327245,27.963457040173285,27.56779085713479,27.74262046813965,52751300,yfinance,2026-02-27 03:07:11.672915,3576e748d6e5935b02b5a31a363cc995504db6c70e9b511fea846a61f43d2396,0.016385628372658567
43,PETR4.SA,2025-05-07 00:00:00+00:00,27.880640874878164,27.880640874878164,27.512579950946183,27.871440887451172,35050400,yfinance,2026-02-27 03:07:11.672915,3576e748d6e5935b02b5a31a363cc995504db6c70e9b511fea846a61f43d2396,0.004632664709689537
44,PETR4.SA,2025-05-08 00:00:00+00:00,28.147488550978473,28.55235647948561,28.018667655338824,28.257905960083008,44665000,yfinance,2026-02-27 03:07:11.672915,3576e748d6e5935b02b5a31a363cc995504db6c70e9b511fea846a61f43d2396,0.013770734973197037
45,PETR4.SA,2025-05-09 00:00:00+00:00,28.6167660998421,28.690378288800957,28.193494697038883,28.441936492919922,25075600,yfinance,2026-02-27 03:07:11.672915,3576e748d6e5935b02b5a31a363cc995504db6c70e9b511fea846a61f43d2396,0.006491417651466454
46,PETR4.SA,2025-05-12 00:00:00+00:00,29.352888733802523,29.601328780930828,29.12285041809082,29.12285041809082,53493600,yfinance,2026-02-27 03:07:11.672915,3576e748d6e5935b02b5a31a363cc995504db6c70e9b511fea846a61f43d2396,0.02365841068933219
47,PETR4.SA,2025-05-13 00:00:00+00:00,29.233267978822298,29.674941099556474,28.846803559416653,29.564523696899414,56165300,yfinance,2026-02-27 03:07:11.672915,3576e748d6e5935b02b5a31a363cc995504db6c70e9b511fea846a61f43d2396,0.015052014997956322
48,PETR4.SA,2025-05-14 00:00:00+00:00,29.44490500017035,29.555322411091254,29.168859717814996,29.362091064453125,28060100,yfinance,2026-02-27 03:07:11.672915,3576e748d6e5935b02b5a31a363cc995504db6c70e9b511fea846a61f43d2396,-0.006870696021129345
49,PETR4.SA,2025-05-15 00:00:00+00:00,29.168858834606663,29.527718041813294,29.067641415116363,29.325284957885742,32468300,yfinance,2026-02-27 03:07:11.672915,3576e748d6e5935b02b5a31a363cc995504db6c70e9b511fea846a61f43d2396,-0.00125431102521774
50,PETR4.SA,2025-05-16 00:00:00+00:00,29.297680463774295,29.592129231441884,29.132052593198008,29.463308334350586,48111800,yfinance,2026-02-27 03:07:11.672915,3576e748d6e5935b02b5a31a363cc995504db6c70e9b511fea846a61f43d2396,0.0046955922003553046
51,PETR4.SA,2025-05-19 00:00:00+00:00,29.297677528899186,29.536915812373746,29.168856644712438,29.426498413085938,30200500,yfinance,2026-02-27 03:07:11.672915,3576e748d6e5935b02b5a31a363cc995504db6c70e9b511fea846a61f43d2396,-0.001250128947322388
52,PETR4.SA,2025-05-20 00:00:00+00:00,29.49091113831891,29.82216687193347,29.39889721680647,29.54612159729004,33485800,yfinance,2026-02-27 03:07:11.672915,3576e748d6e5935b02b5a31a363cc995504db6c70e9b511fea846a61f43d2396,0.004056911436239075
53,PETR4.SA,2025-05-21 00:00:00+00:00,29.63813630453179,29.803764175729988,29.159657932801895,29.214866638183594,28724100,yfinance,2026-02-27 03:07:11.672915,3576e748d6e5935b02b5a31a363cc995504db6c70e9b511fea846a61f43d2396,-0.011274775260114212
54,PETR4.SA,2025-05-22 00:00:00+00:00,29.113646658515258,29.122848401112805,28.71798050208552,28.828399658203125,42207300,yfinance,2026-02-27 03:07:11.672915,3576e748d6e5935b02b5a31a363cc995504db6c70e9b511fea846a61f43d2396,-0.013316710646846086
55,PETR4.SA,2025-05-23 00:00:00+00:00,28.607563814110826,28.892810821533203,28.405130737077684,28.892810821533203,25732400,yfinance,2026-02-27 03:07:11.672915,3576e748d6e5935b02b5a31a363cc995504db6c70e9b511fea846a61f43d2396,0.0022318031631854123
56,PETR4.SA,2025-05-26 00:00:00+00:00,28.94802089086819,29.01243309369925,28.653572126709932,28.800796508789062,21277100,yfinance,2026-02-27 03:07:11.672915,3576e748d6e5935b02b5a31a363cc995504db6c70e9b511fea846a61f43d2396,-0.0031897603571392308
57,PETR4.SA,2025-05-27 00:00:00+00:00,29.00323035544277,29.141252989525267,28.85600597841437,29.012432098388672,34361500,yfinance,2026-02-27 03:07:11.672915,3576e748d6e5935b02b5a31a363cc995504db6c70e9b511fea846a61f43d2396,0.007321387857106998
58,PETR4.SA,2025-05-28 00:00:00+00:00,29.14125243967163,29.187259398480037,28.9204158782959,28.9204158782959,30516200,yfinance,2026-02-27 03:07:11.672915,3576e748d6e5935b02b5a31a363cc995504db6c70e9b511fea846a61f43d2396,-0.0031766536838911097
59,PETR4.SA,2025-05-29 00:00:00+00:00,28.966422957557725,28.984826443178807,28.570756791969345,28.745586395263672,20778800,yfinance,2026-02-27 03:07:11.672915,3576e748d6e5935b02b5a31a363cc995504db6c70e9b511fea846a61f43d2396,-0.006063538715870614
60,PETR4.SA,2025-05-30 00:00:00+00:00,28.66277183582143,28.77319099207105,28.4327335357666,28.4327335357666,45127700,yfinance,2026-02-27 03:07:11.672915,3576e748d6e5935b02b5a31a363cc995504db6c70e9b511fea846a61f43d2396,-0.010943168038352378
61,PETR4.SA,2025-06-02 00:00:00+00:00,29.113647280087346,29.122849022881347,28.53395152448911,28.59836196899414,35111000,yfinance,2026-02-27 03:07:11.672915,3576e748d6e5935b02b5a31a363cc995504db6c70e9b511fea846a61f43d2396,0.0058083716405725044
62,PETR4.SA,2025-06-03 00:00:00+00:00,28.322686434978195,28.720796568768275,27.858224913546387,28.607051849365234,59828700,yfinance,2026-02-27 03:07:11.672915,3576e748d6e5935b02b5a31a363cc995504db6c70e9b511fea846a61f43d2396,0.000303813218291798
63,PETR4.SA,2025-06-04 00:00:00+00:00,28.663924191475104,28.862980162217838,27.744480177115975,27.820310592651367,41952900,yfinance,2026-02-27 03:07:11.672915,3576e748d6e5935b02b5a31a363cc995504db6c70e9b511fea846a61f43d2396,-0.02788690479390844
64,PETR4.SA,2025-06-05 00:00:00+00:00,27.96249289291771,28.095195670478972,27.687606501752523,27.829790115356445,23774000,yfinance,2026-02-27 03:07:11.672915,3576e748d6e5935b02b5a31a363cc995504db6c70e9b511fea846a61f43d2396,0.00034068304194114234
65,PETR4.SA,2025-06-06 00:00:00+00:00,27.915099238986087,28.27529326305145,27.82978979498171,28.123632431030273,28069300,yfinance,2026-02-27 03:07:11.672915,3576e748d6e5935b02b5a31a363cc995504db6c70e9b511fea846a61f43d2396,0.01050320082735697
66,PETR4.SA,2025-06-09 00:00:00+00:00,27.69708586855476,27.934056150206136,27.35584989237582,27.64969253540039,43834800,yfinance,2026-02-27 03:07:11.672915,3576e748d6e5935b02b5a31a363cc995504db6c70e9b511fea846a61f43d2396,-0.016995626638389986
67,PETR4.SA,2025-06-10 00:00:00+00:00,27.877184238666622,28.644967457383107,27.82031187637572,28.483827590942383,46241800,yfinance,2026-02-27 03:07:11.672915,3576e748d6e5935b02b5a31a363cc995504db6c70e9b511fea846a61f43d2396,0.029721865233359502
68,PETR4.SA,2025-06-11 00:00:00+00:00,28.720796558400746,29.535974881567064,28.720796558400746,29.43170738220215,52432400,yfinance,2026-02-27 03:07:11.672915,3576e748d6e5935b02b5a31a363cc995504db6c70e9b511fea846a61f43d2396,0.03273610232527523
69,PETR4.SA,2025-06-12 00:00:00+00:00,29.19473847888793,30.246887126074476,29.12838708815361,30.095226287841797,51729500,yfinance,2026-02-27 03:07:11.672915,3576e748d6e5935b02b5a31a363cc995504db6c70e9b511fea846a61f43d2396,0.022293988500854664
70,PETR4.SA,2025-06-13 00:00:00+00:00,31.384344626487007,31.441215179822645,30.49333405484692,30.834571838378906,74902600,yfinance,2026-02-27 03:07:11.672915,3576e748d6e5935b02b5a31a363cc995504db6c70e9b511fea846a61f43d2396,0.02426995868578914
71,PETR4.SA,2025-06-16 00:00:00+00:00,30.834569742758482,31.21372361333202,30.398545322714416,30.531248092651367,45972200,yfinance,2026-02-27 03:07:11.672915,3576e748d6e5935b02b5a31a363cc995504db6c70e9b511fea846a61f43d2396,-0.009885836003734123
72,PETR4.SA,2025-06-17 00:00:00+00:00,30.692390656341793,31.365385361327707,30.682909820564866,31.223201751708984,57633400,yfinance,2026-02-27 03:07:11.672915,3576e748d6e5935b02b5a31a363cc995504db6c70e9b511fea846a61f43d2396,0.02241077756490464
73,PETR4.SA,2025-06-18 00:00:00+00:00,31.24216033033075,31.47913060640889,30.79665867010188,31.194766998291016,49342900,yfinance,2026-02-27 03:07:11.672915,3576e748d6e5935b02b5a31a363cc995504db6c70e9b511fea846a61f43d2396,-0.0009111080015715394
74,PETR4.SA,2025-06-20 00:00:00+00:00,31.024147573443987,31.431736730516363,30.929360911004576,31.10945701599121,85062700,yfinance,2026-02-27 03:07:11.672915,3576e748d6e5935b02b5a31a363cc995504db6c70e9b511fea846a61f43d2396,-0.0027384992579174167
75,PETR4.SA,2025-06-23 00:00:00+00:00,31.554962772098406,31.602356104050614,30.15209736627253,30.332195281982422,54592400,yfinance,2026-02-27 03:07:11.672915,3576e748d6e5935b02b5a31a363cc995504db6c70e9b511fea846a61f43d2396,-0.025302158107945054
76,PETR4.SA,2025-06-24 00:00:00+00:00,29.659200711672366,30.180534597448972,29.517017099242626,29.735031127929688,48728300,yfinance,2026-02-27 03:07:11.672915,3576e748d6e5935b02b5a31a363cc995504db6c70e9b511fea846a61f43d2396,-0.0198838489657181
77,PETR4.SA,2025-06-25 00:00:00+00:00,29.68763580106696,29.896170800417675,29.5833683013916,29.5833683013916,23127700,yfinance,2026-02-27 03:07:11.672915,3576e748d6e5935b02b5a31a363cc995504db6c70e9b511fea846a61f43d2396,-0.005113528297206255
78,PETR4.SA,2025-06-26 00:00:00+00:00,29.7160735089558,29.953043789237842,29.67815739629959,29.82033920288086,17227000,yfinance,2026-02-27 03:07:11.672915,3576e748d6e5935b02b5a31a363cc995504db6c70e9b511fea846a61f43d2396,0.007978362579081317
79,PETR4.SA,2025-06-27 00:00:00+00:00,29.753987188882288,29.81086135667233,29.517016913576274,29.5833683013916,16482100,yfinance,2026-02-27 03:07:11.672915,3576e748d6e5935b02b5a31a363cc995504db6c70e9b511fea846a61f43d2396,-0.00797836257908137
80,PETR4.SA,2025-06-30 00:00:00+00:00,29.58336888060549,29.84877624500295,29.479103186828436,29.744508743286133,23091100,yfinance,2026-02-27 03:07:11.672915,3576e748d6e5935b02b5a31a363cc995504db6c70e9b511fea846a61f43d2396,0.005432213191446545
81,PETR4.SA,2025-07-01 00:00:00+00:00,29.81086155946923,29.924606279943653,29.63076364278837,29.84877586364746,17014100,yfinance,2026-02-27 03:07:11.672915,3576e748d6e5935b02b5a31a363cc995504db6c70e9b511fea846a61f43d2396,0.0034992945076104858
82,PETR4.SA,2025-07-02 00:00:00+00:00,29.934083727240004,30.55968688857196,29.83929525989034,30.379587173461914,28311600,yfinance,2026-02-27 03:07:11.672915,3576e748d6e5935b02b5a31a363cc995504db6c70e9b511fea846a61f43d2396,0.01762707891034826
83,PETR4.SA,2025-07-03 00:00:00+00:00,30.332195368962243,30.701868421480757,30.27532300886856,30.483856201171875,14322300,yfinance,2026-02-27 03:07:11.672915,3576e748d6e5935b02b5a31a363cc995504db6c70e9b511fea846a61f43d2396,0.003426330287484181
84,PETR4.SA,2025-07-04 00:00:00+00:00,30.33219529777977,30.626039741443613,30.3037582138298,30.445940017700195,9356900,yfinance,2026-02-27 03:07:11.672915,3576e748d6e5935b02b5a31a363cc995504db6c70e9b511fea846a61f43d2396,-0.001244586088218876
85,PETR4.SA,2025-07-07 00:00:00+00:00,30.445939153922648,30.578641926044828,30.23740596802498,30.389068603515625,17938800,yfinance,2026-02-27 03:07:11.672915,3576e748d6e5935b02b5a31a363cc995504db6c70e9b511fea846a61f43d2396,-0.0018696941790888198
86,PETR4.SA,2025-07-08 00:00:00+00:00,30.398545118119262,30.891443700195733,30.36062900814124,30.825092315673828,28778300,yfinance,2026-02-27 03:07:11.672915,3576e748d6e5935b02b5a31a363cc995504db6c70e9b511fea846a61f43d2396,0.014246085542021754
87,PETR4.SA,2025-07-09 00:00:00+00:00,30.87248739735415,30.929361565549033,30.389069623275763,30.635517120361328,22338900,yfinance,2026-02-27 03:07:11.672915,3576e748d6e5935b02b5a31a363cc995504db6c70e9b511fea846a61f43d2396,-0.0061690177910742544
88,PETR4.SA,2025-07-10 00:00:00+00:00,30.341672730907437,30.739784677243982,30.0667881492195,30.559688568115234,23102800,yfinance,2026-02-27 03:07:11.672915,3576e748d6e5935b02b5a31a363cc995504db6c70e9b511fea846a61f43d2396,-0.002478252673649663
89,PETR4.SA,2025-07-11 00:00:00+00:00,30.521772180613493,30.99571273119482,30.47437884873125,30.92936134338379,23946700,yfinance,2026-02-27 03:07:11.672915,3576e748d6e5935b02b5a31a363cc995504db6c70e9b511fea846a61f43d2396,0.01202416461946281
90,PETR4.SA,2025-07-14 00:00:00+00:00,30.92936155013848,31.062064326647626,30.44594016042149,30.521772384643555,24106300,yfinance,2026-02-27 03:07:11.672915,3576e748d6e5935b02b5a31a363cc995504db6c70e9b511fea846a61f43d2396,-0.013265660410503656
91,PETR4.SA,2025-07-15 00:00:00+00:00,30.559689791131717,30.69239257326158,30.152098800433254,30.28480339050293,18688300,yfinance,2026-02-27 03:07:11.672915,3576e748d6e5935b02b5a31a363cc995504db6c70e9b511fea846a61f43d2396,-0.007794229185718135
92,PETR4.SA,2025-07-16 00:00:00+00:00,30.237408167878083,30.284803309898184,29.829818986204252,30.133142471313477,27588900,yfinance,2026-02-27 03:07:11.672915,3576e748d6e5935b02b5a31a363cc995504db6c70e9b511fea846a61f43d2396,-0.0050204036423347745
93,PETR4.SA,2025-07-17 00:00:00+00:00,30.11418222587142,30.11418222587142,29.763465432171248,29.829816818237305,27497600,yfinance,2026-02-27 03:07:11.672915,3576e748d6e5935b02b5a31a363cc995504db6c70e9b511fea846a61f43d2396,-0.01011718714251749
94,PETR4.SA,2025-07-18 00:00:00+00:00,29.76346708623615,29.95304403519438,29.005162906282784,29.374835968017578,57635000,yfinance,2026-02-27 03:07:11.672915,3576e748d6e5935b02b5a31a363cc995504db6c70e9b511fea846a61f43d2396,-0.01537006926961074
95,PETR4.SA,2025-07-21 00:00:00+00:00,29.280046551093026,29.649721408868764,29.166301831731044,29.43170738220215,16412000,yfinance,2026-02-27 03:07:11.672915,3576e748d6e5935b02b5a31a363cc995504db6c70e9b511fea846a61f43d2396,0.0019341872068867404
96,PETR4.SA,2025-07-22 00:00:00+00:00,29.431706675067385,29.934084296008404,29.374834316752825,29.71607208251953,24557100,yfinance,2026-02-27 03:07:11.672915,3576e748d6e5935b02b5a31a363cc995504db6c70e9b511fea846a61f43d2396,0.009615471412563213
97,PETR4.SA,2025-07-23 00:00:00+00:00,29.716074311265796,30.360631972366082,29.6686791691659,30.322717666625977,27418600,yfinance,2026-02-27 03:07:11.672915,3576e748d6e5935b02b5a31a363cc995504db6c70e9b511fea846a61f43d2396,0.02020914256098253
98,PETR4.SA,2025-07-24 00:00:00+00:00,30.265842932771903,30.351152373928063,30.000435581626107,30.27532196044922,17856300,yfinance,2026-02-27 03:07:11.672915,3576e748d6e5935b02b5a31a363cc995504db6c70e9b511fea846a61f43d2396,-0.0015642656473020904
99,PETR4.SA,2025-07-25 00:00:00+00:00,30.32271526424125,30.50281317407257,30.24688485082906,30.313236236572266,13341000,yfinance,2026-02-27 03:07:11.672915,3576e748d6e5935b02b5a31a363cc995504db6c70e9b511fea846a61f43d2396,0.0012515327051891248
100,PETR4.SA,2025-07-28 00:00:00+00:00,30.48385519184864,30.739783515705987,30.028872710284254,30.351152420043945,27972800,yfinance,2026-02-27 03:07:11.672915,3576e748d6e5935b02b5a31a363cc995504db6c70e9b511fea846a61f43d2396,0.001250031171452233
101,PETR4.SA,2025-07-29 00:00:00+00:00,30.512291578969087,30.900922688794335,30.322716442044914,30.7492618560791,33284000,yfinance,2026-02-27 03:07:11.672915,3576e748d6e5935b02b5a31a363cc995504db6c70e9b511fea846a61f43d2396,0.0130315014930384
102,PETR4.SA,2025-07-30 00:00:00+00:00,30.616559835462457,31.118939294139143,30.588124558588525,31.06206512451172,27110400,yfinance,2026-02-27 03:07:11.672915,3576e748d6e5935b02b5a31a363cc995504db6c70e9b511fea846a61f43d2396,0.010121314459071436
103,PETR4.SA,2025-07-31 00:00:00+00:00,30.7587409526888,31.043104545964532,30.73030206224574,30.9388370513916,23544900,yfinance,2026-02-27 03:07:11.672915,3576e748d6e5935b02b5a31a363cc995504db6c70e9b511fea846a61f43d2396,-0.003975046525322381
104,PETR4.SA,2025-08-01 00:00:00+00:00,31.09049806301373,31.194765558215416,30.37011004797915,30.531248092651367,24191800,yfinance,2026-02-27 03:07:11.672915,3576e748d6e5935b02b5a31a363cc995504db6c70e9b511fea846a61f43d2396,-0.013261570446763014
105,PETR4.SA,2025-08-04 00:00:00+00:00,30.531249533259988,30.588123701293398,30.29427925693997,30.483856201171875,15215600,yfinance,2026-02-27 03:07:11.672915,3576e748d6e5935b02b5a31a363cc995504db6c70e9b511fea846a61f43d2396,-0.0015534481685645445
106,PETR4.SA,2025-08-05 00:00:00+00:00,30.455420618501723,30.720826168226893,30.36063033940029,30.626039505004883,20635500,yfinance,2026-02-27 03:07:11.672915,3576e748d6e5935b02b5a31a363cc995504db6c70e9b511fea846a61f43d2396,0.004653372706930234
107,PETR4.SA,2025-08-06 00:00:00+00:00,30.900922146732395,31.22320186258379,30.51229104372449,30.663951873779297,32854600,yfinance,2026-02-27 03:07:11.672915,3576e748d6e5935b02b5a31a363cc995504db6c70e9b511fea846a61f43d2396,0.0012371472978555122
108,PETR4.SA,2025-08-07 00:00:00+00:00,30.938839340666963,31.137893509100778,30.739785172233148,30.834571838378906,21111400,yfinance,2026-02-27 03:07:11.672915,3576e748d6e5935b02b5a31a363cc995504db6c70e9b511fea846a61f43d2396,0.005548764167512918
109,PETR4.SA,2025-08-08 00:00:00+00:00,29.85825435558638,30.379588232269946,28.938810348510742,28.938810348510742,107235300,yfinance,2026-02-27 03:07:11.672915,3576e748d6e5935b02b5a31a363cc995504db6c70e9b511fea846a61f43d2396,-0.06345290993155335
110,PETR4.SA,2025-08-11 00:00:00+00:00,29.109426993399783,29.412750456568865,28.986203248940217,29.118906021118164,28045800,yfinance,2026-02-27 03:07:11.672915,3576e748d6e5935b02b5a31a363cc995504db6c70e9b511fea846a61f43d2396,0.006204041823462343
111,PETR4.SA,2025-08-12 00:00:00+00:00,29.185259260919324,29.640241744477002,29.052554680593577,29.19473648071289,37973300,yfinance,2026-02-27 03:07:11.672915,3576e748d6e5935b02b5a31a363cc995504db6c70e9b511fea846a61f43d2396,0.0026007808493812073
112,PETR4.SA,2025-08-13 00:00:00+00:00,29.194736841372617,29.251611008474686,28.825063794907674,28.97672462463379,38340700,yfinance,2026-02-27 03:07:11.672915,3576e748d6e5935b02b5a31a363cc995504db6c70e9b511fea846a61f43d2396,-0.007495526935288536
113,PETR4.SA,2025-08-14 00:00:00+00:00,29.128385730498564,29.128385730498564,28.455391018201368,28.607051849365234,43087500,yfinance,2026-02-27 03:07:11.672915,3576e748d6e5935b02b5a31a363cc995504db6c70e9b511fea846a61f43d2396,-0.012839652988279824
114,PETR4.SA,2025-08-15 00:00:00+00:00,28.53122284308962,28.64496756811111,28.18998505214554,28.59757423400879,55416100,yfinance,2026-02-27 03:07:11.672915,3576e748d6e5935b02b5a31a363cc995504db6c70e9b511fea846a61f43d2396,-0.0003313583565549795
115,PETR4.SA,2025-08-18 00:00:00+00:00,28.673404310658086,28.95776792775316,28.45539208368921,28.777671813964844,31498100,yfinance,2026-02-27 03:07:11.672915,3576e748d6e5935b02b5a31a363cc995504db6c70e9b511fea846a61f43d2396,0.006277904980378834
116,PETR4.SA,2025-08-19 00:00:00+00:00,28.626008894043817,28.654444168920254,28.294250159614702,28.474348068237305,39294300,yfinance,2026-02-27 03:07:11.672915,3576e748d6e5935b02b5a31a363cc995504db6c70e9b511fea846a61f43d2396,-0.010596188027088246
117,PETR4.SA,2025-08-20 00:00:00+00:00,28.550179462057304,28.777670708583138,28.531221406195225,28.64496612548828,23706600,yfinance,2026-02-27 03:07:11.672915,3576e748d6e5935b02b5a31a363cc995504db6c70e9b511fea846a61f43d2396,0.005974111107797832
118,PETR4.SA,2025-08-21 00:00:00+00:00,28.6449657750211,28.844021743258104,28.445911614723794,28.711318969726562,23327000,yfinance,2026-02-27 03:07:11.672915,3576e748d6e5935b02b5a31a363cc995504db6c70e9b511fea846a61f43d2396,0.002313708906649224
119,PETR4.SA,2025-08-22 00:00:00+00:00,28.974915765116872,29.537158966064453,28.887670971094398,29.537158966064453,49813600,yfinance,2026-02-27 03:07:11.672915,3576e748d6e5935b02b5a31a363cc995504db6c70e9b511fea846a61f43d2396,0.02835766244716012
120,PETR4.SA,2025-08-25 00:00:00+00:00,29.537159350722735,29.837670022471467,29.48869084183686,29.71164894104004,21075300,yfinance,2026-02-27 03:07:11.672915,3576e748d6e5935b02b5a31a363cc995504db6c70e9b511fea846a61f43d2396,0.005890092496601417
121,PETR4.SA,2025-08-26 00:00:00+00:00,29.546852983874707,29.643791849163172,29.30450674513107,29.498384475708008,21789700,yfinance,2026-02-27 03:07:11.672915,3576e748d6e5935b02b5a31a363cc995504db6c70e9b511fea846a61f43d2396,-0.007203690836566553
122,PETR4.SA,2025-08-27 00:00:00+00:00,29.51777213706638,29.740730229324445,29.430527344625393,29.721342086791992,16349100,yfinance,2026-02-27 03:07:11.672915,3576e748d6e5935b02b5a31a363cc995504db6c70e9b511fea846a61f43d2396,0.0075298782173551385
123,PETR4.SA,2025-08-28 00:00:00+00:00,29.837670624383676,30.176953891339323,29.769812122037415,29.983078002929688,25802500,yfinance,2026-02-27 03:07:11.672915,3576e748d6e5935b02b5a31a363cc995504db6c70e9b511fea846a61f43d2396,0.008767779419518933
124,PETR4.SA,2025-08-29 00:00:00+00:00,29.983077406012004,30.390219167208336,29.905526682401042,30.147872924804688,27713400,yfinance,2026-02-27 03:07:11.672915,3576e748d6e5935b02b5a31a363cc995504db6c70e9b511fea846a61f43d2396,0.005481214978972197
125,PETR4.SA,2025-09-01 00:00:00+00:00,30.244810973691468,30.409606488027833,30.09940175301729,30.215728759765625,9889700,yfinance,2026-02-27 03:07:11.672915,3576e748d6e5935b02b5a31a363cc995504db6c70e9b511fea846a61f43d2396,0.0022482377343011604
126,PETR4.SA,2025-09-02 00:00:00+00:00,30.050933575016057,30.477463472497895,30.050933575016057,30.370830535888672,19812000,yfinance,2026-02-27 03:07:11.672915,3576e748d6e5935b02b5a31a363cc995504db6c70e9b511fea846a61f43d2396,0.0051200172696160865
127,PETR4.SA,2025-09-03 00:00:00+00:00,30.16726095630891,30.39021905474596,29.97338322352142,30.10909652709961,29788800,yfinance,2026-02-27 03:07:11.672915,3576e748d6e5935b02b5a31a363cc995504db6c70e9b511fea846a61f43d2396,-0.008655289629468862
128,PETR4.SA,2025-09-04 00:00:00+00:00,30.050933946845397,30.36113684014131,29.9830772950563,30.10909652709961,24816500,yfinance,2026-02-27 03:07:11.672915,3576e748d6e5935b02b5a31a363cc995504db6c70e9b511fea846a61f43d2396,0.0
129,PETR4.SA,2025-09-05 00:00:00+00:00,30.128484663199927,30.13817873473257,29.26573263530086,29.653486251831055,46121900,yfinance,2026-02-27 03:07:11.672915,3576e748d6e5935b02b5a31a363cc995504db6c70e9b511fea846a61f43d2396,-0.0152476376065049
130,PETR4.SA,2025-09-08 00:00:00+00:00,29.886138640537226,30.02185194507754,29.575935745042162,29.769811630249023,18164200,yfinance,2026-02-27 03:07:11.672915,3576e748d6e5935b02b5a31a363cc995504db6c70e9b511fea846a61f43d2396,0.003915148810449269
131,PETR4.SA,2025-09-09 00:00:00+00:00,29.915221404702713,30.196342090549372,29.866751045794572,30.002466201782227,31283900,yfinance,2026-02-27 03:07:11.672915,3576e748d6e5935b02b5a31a363cc995504db6c70e9b511fea846a61f43d2396,0.007784737504327784
132,PETR4.SA,2025-09-10 00:00:00+00:00,30.0121576700109,30.574402725477924,29.973383232814435,30.545320510864258,35949600,yfinance,2026-02-27 03:07:11.672915,3576e748d6e5935b02b5a31a363cc995504db6c70e9b511fea846a61f43d2396,0.017931914108582428
133,PETR4.SA,2025-09-11 00:00:00+00:00,30.341748431003847,30.516238019191466,30.31266806560929,30.428993225097656,17607900,yfinance,2026-02-27 03:07:11.672915,3576e748d6e5935b02b5a31a363cc995504db6c70e9b511fea846a61f43d2396,-0.003815620702317599
134,PETR4.SA,2025-09-12 00:00:00+00:00,30.48715819983542,30.729504443557623,30.206035669619208,30.22542381286621,19318400,yfinance,2026-02-27 03:07:11.672915,3576e748d6e5935b02b5a31a363cc995504db6c70e9b511fea846a61f43d2396,-0.006712460082099123
135,PETR4.SA,2025-09-15 00:00:00+00:00,30.341748598061603,30.58409483877761,30.10909642884885,30.487157821655273,21978400,yfinance,2026-02-27 03:07:11.672915,3576e748d6e5935b02b5a31a363cc995504db6c70e9b511fea846a61f43d2396,0.008622121583504033
136,PETR4.SA,2025-09-16 00:00:00+00:00,30.632565361650762,30.710116085140303,30.380525048070975,30.564708709716797,19154700,yfinance,2026-02-27 03:07:11.672915,3576e748d6e5935b02b5a31a363cc995504db6c70e9b511fea846a61f43d2396,0.0025404933273189987
137,PETR4.SA,2025-09-17 00:00:00+00:00,30.574402185361407,30.81674842266216,30.496849614428314,30.748889923095703,29148100,yfinance,2026-02-27 03:07:11.672915,3576e748d6e5935b02b5a31a363cc995504db6c70e9b511fea846a61f43d2396,0.0060078602945452374
138,PETR4.SA,2025-09-18 00:00:00+00:00,30.797360600966726,30.8458291093501,30.235117398526246,30.448381423950195,25702900,yfinance,2026-02-27 03:07:11.672915,3576e748d6e5935b02b5a31a363cc995504db6c70e9b511fea846a61f43d2396,-0.009821056002747823
139,PETR4.SA,2025-09-19 00:00:00+00:00,30.467769778069936,30.487157921139705,29.963689151986536,30.10909652709961,48871300,yfinance,2026-02-27 03:07:11.672915,3576e748d6e5935b02b5a31a363cc995504db6c70e9b511fea846a61f43d2396,-0.011205501235057896
140,PETR4.SA,2025-09-22 00:00:00+00:00,30.05093368573985,30.506543950190142,29.895832240439532,30.40960693359375,22016100,yfinance,2026-02-27 03:07:11.672915,3576e748d6e5935b02b5a31a363cc995504db6c70e9b511fea846a61f43d2396,0.00993123974040292
141,PETR4.SA,2025-09-23 00:00:00+00:00,30.525932211823946,31.10756355843996,30.49684999735887,30.92337989807129,39895300,yfinance,2026-02-27 03:07:11.672915,3576e748d6e5935b02b5a31a363cc995504db6c70e9b511fea846a61f43d2396,0.01675395276673728
142,PETR4.SA,2025-09-24 00:00:00+00:00,31.175419794484238,31.631031903590607,31.07848277880251,31.621335983276367,36414400,yfinance,2026-02-27 03:07:11.672915,3576e748d6e5935b02b5a31a363cc995504db6c70e9b511fea846a61f43d2396,0.02231955329097013
143,PETR4.SA,2025-09-25 00:00:00+00:00,31.698889980155535,31.79582700019807,31.252973771303427,31.369298934936523,29556300,yfinance,2026-02-27 03:07:11.672915,3576e748d6e5935b02b5a31a363cc995504db6c70e9b511fea846a61f43d2396,-0.008002408411114208
144,PETR4.SA,2025-09-26 00:00:00+00:00,31.49531881117385,31.737665049894172,31.1657277785978,31.262664794921875,27819700,yfinance,2026-02-27 03:07:11.672915,3576e748d6e5935b02b5a31a363cc995504db6c70e9b511fea846a61f43d2396,-0.0034051061693533497
145,PETR4.SA,2025-09-29 00:00:00+00:00,31.272357998263686,31.543788308722892,30.758585139393094,30.836135864257812,35720000,yfinance,2026-02-27 03:07:11.672915,3576e748d6e5935b02b5a31a363cc995504db6c70e9b511fea846a61f43d2396,-0.01373732290420357
146,PETR4.SA,2025-09-30 00:00:00+00:00,30.71981092082128,30.923380881686775,30.206036209326484,30.496850967407227,48611500,yfinance,2026-02-27 03:07:11.672915,3576e748d6e5935b02b5a31a363cc995504db6c70e9b511fea846a61f43d2396,-0.011063813301833174
147,PETR4.SA,2025-10-01 00:00:00+00:00,30.487158581559854,30.584095601098383,30.341749354341804,30.419300079345703,24817000,yfinance,2026-02-27 03:07:11.672915,3576e748d6e5935b02b5a31a363cc995504db6c70e9b511fea846a61f43d2396,-0.0025461533148474855
148,PETR4.SA,2025-10-02 00:00:00+00:00,30.419299476716734,30.448381691375232,30.07032214559025,30.12848472595215,25497100,yfinance,2026-02-27 03:07:11.672915,3576e748d6e5935b02b5a31a363cc995504db6c70e9b511fea846a61f43d2396,-0.009606217326730962
149,PETR4.SA,2025-10-03 00:00:00+00:00,30.206035283976234,30.370830801561578,30.050933837890625,30.050933837890625,19756800,yfinance,2026-02-27 03:07:11.672915,3576e748d6e5935b02b5a31a363cc995504db6c70e9b511fea846a61f43d2396,-0.0025773240367065265
150,PETR4.SA,2025-10-06 00:00:00+00:00,30.2448109537322,30.27389131868381,29.760118482351587,29.779504776000977,21245400,yfinance,2026-02-27 03:07:11.672915,3576e748d6e5935b02b5a31a363cc995504db6c70e9b511fea846a61f43d2396,-0.009073338932580558
151,PETR4.SA,2025-10-07 00:00:00+00:00,29.779505976348133,29.91522113109452,29.420834568484043,29.886138916015625,29068800,yfinance,2026-02-27 03:07:11.672915,3576e748d6e5935b02b5a31a363cc995504db6c70e9b511fea846a61f43d2396,0.003574393803491107
152,PETR4.SA,2025-10-08 00:00:00+00:00,30.12848477369691,30.12848477369691,29.566241565427315,29.71164894104004,17687400,yfinance,2026-02-27 03:07:11.672915,3576e748d6e5935b02b5a31a363cc995504db6c70e9b511fea846a61f43d2396,-0.005855602357959403
153,PETR4.SA,2025-10-09 00:00:00+00:00,29.721342064911134,29.895831649664647,29.265731809464203,29.285118103027344,22879700,yfinance,2026-02-27 03:07:11.672915,3576e748d6e5935b02b5a31a363cc995504db6c70e9b511fea846a61f43d2396,-0.01445971672916568
154,PETR4.SA,2025-10-10 00:00:00+00:00,29.178487446102732,29.2366500255574,28.95552935073063,29.023386001586914,50214400,yfinance,2026-02-27 03:07:11.672915,3576e748d6e5935b02b5a31a363cc995504db6c70e9b511fea846a61f43d2396,-0.008977553560925602
155,PETR4.SA,2025-10-13 00:00:00+00:00,29.226955580613133,29.34328258699078,29.052465995524184,29.304506301879883,13890500,yfinance,2026-02-27 03:07:11.672915,3576e748d6e5935b02b5a31a363cc995504db6c70e9b511fea846a61f43d2396,0.009639384038835882
156,PETR4.SA,2025-10-14 00:00:00+00:00,29.033080238405535,29.52746494001956,28.965221738207557,29.100936889648438,28138200,yfinance,2026-02-27 03:07:11.672915,3576e748d6e5935b02b5a31a363cc995504db6c70e9b511fea846a61f43d2396,-0.006970933716439301
157,PETR4.SA,2025-10-15 00:00:00+00:00,29.130017632512892,29.246344642547356,28.761652157154764,28.839202880859375,40261000,yfinance,2026-02-27 03:07:11.672915,3576e748d6e5935b02b5a31a363cc995504db6c70e9b511fea846a61f43d2396,-0.009034696504911264
158,PETR4.SA,2025-10-16 00:00:00+00:00,28.829508201611443,28.897364852303316,28.50961124195329,28.54838752746582,28660900,yfinance,2026-02-27 03:07:11.672915,3576e748d6e5935b02b5a31a363cc995504db6c70e9b511fea846a61f43d2396,-0.010135217065679212
159,PETR4.SA,2025-10-17 00:00:00+00:00,28.596856582906284,29.033080558498757,28.41267292110556,28.819814682006836,36238600,yfinance,2026-02-27 03:07:11.672915,3576e748d6e5935b02b5a31a363cc995504db6c70e9b511fea846a61f43d2396,0.009462704754413034
160,PETR4.SA,2025-10-20 00:00:00+00:00,28.790734371902154,28.984610256686132,28.57746849499815,28.839202880859375,31442800,yfinance,2026-02-27 03:07:11.672915,3576e748d6e5935b02b5a31a363cc995504db6c70e9b511fea846a61f43d2396,0.00067251231126614
161,PETR4.SA,2025-10-21 00:00:00+00:00,29.04277233663623,29.071854550882353,28.56777393101331,28.606550216674805,25509900,yfinance,2026-02-27 03:07:11.672915,3576e748d6e5935b02b5a31a363cc995504db6c70e9b511fea846a61f43d2396,-0.008099952517001388
162,PETR4.SA,2025-10-22 00:00:00+00:00,28.848897171822912,29.11063155967449,28.713183866546586,28.936141967773438,27088800,yfinance,2026-02-27 03:07:11.672915,3576e748d6e5935b02b5a31a363cc995504db6c70e9b511fea846a61f43d2396,0.01145568074801627
163,PETR4.SA,2025-10-23 00:00:00+00:00,29.58562876727571,29.77950464560601,29.18818109040031,29.265731811523438,40060800,yfinance,2026-02-27 03:07:11.672915,3576e748d6e5935b02b5a31a363cc995504db6c70e9b511fea846a61f43d2396,0.011325867898280582
164,PETR4.SA,2025-10-24 00:00:00+00:00,29.37236310199708,29.517772322951117,28.897364700691035,28.92644691467285,24370300,yfinance,2026-02-27 03:07:11.672915,3576e748d6e5935b02b5a31a363cc995504db6c70e9b511fea846a61f43d2396,-0.011660973996316049
165,PETR4.SA,2025-10-27 00:00:00+00:00,29.236650135897072,29.236650135897072,28.781039872031762,29.0815486907959,24771400,yfinance,2026-02-27 03:07:11.672915,3576e748d6e5935b02b5a31a363cc995504db6c70e9b511fea846a61f43d2396,0.005347612656631832
166,PETR4.SA,2025-10-28 00:00:00+00:00,28.984610748277163,29.420834732111075,28.84889744173111,29.071855545043945,25324800,yfinance,2026-02-27 03:07:11.672915,3576e748d6e5935b02b5a31a363cc995504db6c70e9b511fea846a61f43d2396,-0.0003333646918557189
167,PETR4.SA,2025-10-29 00:00:00+00:00,29.16879354089134,29.236650192134242,28.887671015507802,29.100936889648438,24854900,yfinance,2026-02-27 03:07:11.672915,3576e748d6e5935b02b5a31a363cc995504db6c70e9b511fea846a61f43d2396,0.0009998264071556706
168,PETR4.SA,2025-10-30 00:00:00+00:00,29.00399867315131,29.23665084645739,28.84889722428059,28.974916458129883,22657200,yfinance,2026-02-27 03:07:11.672915,3576e748d6e5935b02b5a31a363cc995504db6c70e9b511fea846a61f43d2396,-0.004339863197781659
169,PETR4.SA,2025-10-31 00:00:00+00:00,29.08154912355567,29.168793918842745,28.645325147120296,28.839202880859375,29516300,yfinance,2026-02-27 03:07:11.672915,3576e748d6e5935b02b5a31a363cc995504db6c70e9b511fea846a61f43d2396,-0.004694833307129665
170,PETR4.SA,2025-11-03 00:00:00+00:00,28.965221902360696,29.537159178870862,28.88767117922144,29.17848777770996,54977300,yfinance,2026-02-27 03:07:11.672915,3576e748d6e5935b02b5a31a363cc995504db6c70e9b511fea846a61f43d2396,0.01169604514646443
171,PETR4.SA,2025-11-04 00:00:00+00:00,29.08154826518918,29.33358857202876,28.99430347247721,29.323894500732422,35035200,yfinance,2026-02-27 03:07:11.672915,3576e748d6e5935b02b5a31a363cc995504db6c70e9b511fea846a61f43d2396,0.004970977822901852
172,PETR4.SA,2025-11-05 00:00:00+00:00,29.323895754897357,30.002465983022486,29.285119468053576,29.905527114868164,40375900,yfinance,2026-02-27 03:07:11.672915,3576e748d6e5935b02b5a31a363cc995504db6c70e9b511fea846a61f43d2396,0.019640621009237587
173,PETR4.SA,2025-11-06 00:00:00+00:00,30.03154667554235,30.322363283165515,29.9539959499672,30.06062889099121,43435700,yfinance,2026-02-27 03:07:11.672915,3576e748d6e5935b02b5a31a363cc995504db6c70e9b511fea846a61f43d2396,0.005172988643202798
174,PETR4.SA,2025-11-07 00:00:00+00:00,30.26419841747373,31.194808959960938,29.905527010199737,31.194808959960938,97315600,yfinance,2026-02-27 03:07:11.672915,3576e748d6e5935b02b5a31a363cc995504db6c70e9b511fea846a61f43d2396,0.03703539618776029
175,PETR4.SA,2025-11-10 00:00:00+00:00,31.311134504164837,31.553480752181454,30.95246309251512,31.369298934936523,41064200,yfinance,2026-02-27 03:07:11.672915,3576e748d6e5935b02b5a31a363cc995504db6c70e9b511fea846a61f43d2396,0.005577972203763029
176,PETR4.SA,2025-11-11 00:00:00+00:00,31.54378836244584,32.416232631943465,31.456543565705054,32.1835823059082,68221300,yfinance,2026-02-27 03:07:11.672915,3576e748d6e5935b02b5a31a363cc995504db6c70e9b511fea846a61f43d2396,0.025626782560045254
177,PETR4.SA,2025-11-12 00:00:00+00:00,32.24174214010483,32.24174214010483,31.097871289467843,31.359601974487305,67646400,yfinance,2026-02-27 03:07:11.672915,3576e748d6e5935b02b5a31a363cc995504db6c70e9b511fea846a61f43d2396,-0.02593595298662296
178,PETR4.SA,2025-11-13 00:00:00+00:00,31.369298284683843,31.931539645514373,31.33052199830651,31.495319366455078,38517200,yfinance,2026-02-27 03:07:11.672915,3576e748d6e5935b02b5a31a363cc995504db6c70e9b511fea846a61f43d2396,0.004318439988074065
179,PETR4.SA,2025-11-14 00:00:00+00:00,31.60194806440801,32.154497193110046,31.582563619462444,31.698888778686523,27371300,yfinance,2026-02-27 03:07:11.672915,3576e748d6e5935b02b5a31a363cc995504db6c70e9b511fea846a61f43d2396,0.006442682719046992
180,PETR4.SA,2025-11-17 00:00:00+00:00,31.757049895114783,32.06725648666414,31.72796952943304,31.87337875366211,63708200,yfinance,2026-02-27 03:07:11.672915,3576e748d6e5935b02b5a31a363cc995504db6c70e9b511fea846a61f43d2396,0.005489513586125458
181,PETR4.SA,2025-11-18 00:00:00+00:00,31.698888464571386,32.15449687448013,31.66980440162097,31.980010986328125,26520500,yfinance,2026-02-27 03:07:11.672915,3576e748d6e5935b02b5a31a363cc995504db6c70e9b511fea846a61f43d2396,0.003339911388379518
182,PETR4.SA,2025-11-19 00:00:00+00:00,31.795826014115214,31.970315603108563,31.543787551074917,31.815214157104492,48719300,yfinance,2026-02-27 03:07:11.672915,3576e748d6e5935b02b5a31a363cc995504db6c70e9b511fea846a61f43d2396,-0.005166442956125841
183,PETR4.SA,2025-11-21 00:00:00+00:00,31.563176124496234,31.737665715869124,31.36929838986967,31.57286834716797,40869300,yfinance,2026-02-27 03:07:11.672915,3576e748d6e5935b02b5a31a363cc995504db6c70e9b511fea846a61f43d2396,-0.007646452808016891
184,PETR4.SA,2025-11-24 00:00:00+00:00,31.563175145215617,31.747356953545804,31.36929741660431,31.543787002563477,38665600,yfinance,2026-02-27 03:07:11.672915,3576e748d6e5935b02b5a31a363cc995504db6c70e9b511fea846a61f43d2396,-0.0009215110180125469
185,PETR4.SA,2025-11-25 00:00:00+00:00,31.35960279265885,31.44684758924494,31.107564323582515,31.291746139526367,28431100,yfinance,2026-02-27 03:07:11.672915,3576e748d6e5935b02b5a31a363cc995504db6c70e9b511fea846a61f43d2396,-0.008022283002911267
186,PETR4.SA,2025-11-26 00:00:00+00:00,31.38868581820493,31.417766183467997,31.117255516745832,31.243276596069336,25042100,yfinance,2026-02-27 03:07:11.672915,3576e748d6e5935b02b5a31a363cc995504db6c70e9b511fea846a61f43d2396,-0.001550157049368599
187,PETR4.SA,2025-11-27 00:00:00+00:00,31.291746470688867,31.4080753326416,31.214197593964006,31.4080753326416,16087400,yfinance,2026-02-27 03:07:11.672915,3576e748d6e5935b02b5a31a363cc995504db6c70e9b511fea846a61f43d2396,0.005260831940076121
188,PETR4.SA,2025-11-28 00:00:00+00:00,31.282053921987455,31.32083020890115,30.332057080063507,30.816749572753906,60420500,yfinance,2026-02-27 03:07:11.672915,3576e748d6e5935b02b5a31a363cc995504db6c70e9b511fea846a61f43d2396,-0.01900667658716062
189,PETR4.SA,2025-12-01 00:00:00+00:00,30.971851130630437,31.1851133135798,30.603483799484785,30.87491226196289,29489100,yfinance,2026-02-27 03:07:11.672915,3576e748d6e5935b02b5a31a363cc995504db6c70e9b511fea846a61f43d2396,0.001885593764608176
190,PETR4.SA,2025-12-02 00:00:00+00:00,30.952461519619106,31.08817481994629,30.477463119518912,31.08817481994629,25574100,yfinance,2026-02-27 03:07:11.672915,3576e748d6e5935b02b5a31a363cc995504db6c70e9b511fea846a61f43d2396,0.00688356278290526
191,PETR4.SA,2025-12-03 00:00:00+00:00,31.165727945782866,31.505011202647314,31.165727945782866,31.320829391479492,36630000,yfinance,2026-02-27 03:07:11.672915,3576e748d6e5935b02b5a31a363cc995504db6c70e9b511fea846a61f43d2396,0.007455835972208173
192,PETR4.SA,2025-12-04 00:00:00+00:00,31.49531843873962,31.747356896947927,31.45654215350447,31.524398803710938,33009700,yfinance,2026-02-27 03:07:11.672915,3576e748d6e5935b02b5a31a363cc995504db6c70e9b511fea846a61f43d2396,0.006478459226532307
193,PETR4.SA,2025-12-05 00:00:00+00:00,31.505011122146616,31.90245880684806,30.40960693359375,30.40960693359375,74495100,yfinance,2026-02-27 03:07:11.672915,3576e748d6e5935b02b5a31a363cc995504db6c70e9b511fea846a61f43d2396,-0.0360032351663755
194,PETR4.SA,2025-12-08 00:00:00+00:00,30.603482440854638,31.010624192019325,30.52593171915446,30.69072723388672,30271600,yfinance,2026-02-27 03:07:11.672915,3576e748d6e5935b02b5a31a363cc995504db6c70e9b511fea846a61f43d2396,0.00920198842814774
195,PETR4.SA,2025-12-09 00:00:00+00:00,30.642259167789785,30.92337984464621,30.370830713449894,30.884605407714844,23863000,yfinance,2026-02-27 03:07:11.672915,3576e748d6e5935b02b5a31a363cc995504db6c70e9b511fea846a61f43d2396,0.006297288417631468
196,PETR4.SA,2025-12-10 00:00:00+00:00,30.903991866636275,31.01062480443802,30.574402679617865,30.962156295776367,22123700,yfinance,2026-02-27 03:07:11.672915,3576e748d6e5935b02b5a31a363cc995504db6c70e9b511fea846a61f43d2396,0.002507841205273684
197,PETR4.SA,2025-12-11 00:00:00+00:00,30.903991689201163,30.923379832136543,30.29327997837731,30.448381423950195,64927900,yfinance,2026-02-27 03:07:11.672915,3576e748d6e5935b02b5a31a363cc995504db6c70e9b511fea846a61f43d2396,-0.016732856556397627
198,PETR4.SA,2025-12-12 00:00:00+00:00,30.44838180821542,30.74889063168599,30.3805251560403,30.62287139892578,39659900,yfinance,2026-02-27 03:07:11.672915,3576e748d6e5935b02b5a31a363cc995504db6c70e9b511fea846a61f43d2396,0.00571432357185619
199,PETR4.SA,2025-12-15 00:00:00+00:00,30.710115488857088,30.923379512073712,30.622870695505956,30.729503631591797,31898900,yfinance,2026-02-27 03:07:11.672915,3576e748d6e5935b02b5a31a363cc995504db6c70e9b511fea846a61f43d2396,0.00347606233606471
200,PETR4.SA,2025-12-16 00:00:00+00:00,30.564707968578848,30.564707968578848,29.672873745596902,29.798892974853516,52661900,yfinance,2026-02-27 03:07:11.672915,3576e748d6e5935b02b5a31a363cc995504db6c70e9b511fea846a61f43d2396,-0.03075197911766071
201,PETR4.SA,2025-12-17 00:00:00+00:00,29.915220698655123,30.12848472595215,29.876444412443796,30.12848472595215,39337100,yfinance,2026-02-27 03:07:11.672915,3576e748d6e5935b02b5a31a363cc995504db6c70e9b511fea846a61f43d2396,0.010999816344709413
202,PETR4.SA,2025-12-18 00:00:00+00:00,30.244811346959,30.322362069429968,29.88613809993385,29.953994750976562,34311000,yfinance,2026-02-27 03:07:11.672915,3576e748d6e5935b02b5a31a363cc995504db6c70e9b511fea846a61f43d2396,-0.005808364337152142
203,PETR4.SA,2025-12-19 00:00:00+00:00,30.118791472933786,30.28358699590037,30.021852603726064,30.06062889099121,45807700,yfinance,2026-02-27 03:07:11.672915,3576e748d6e5935b02b5a31a363cc995504db6c70e9b511fea846a61f43d2396,0.0035536089625973683
204,PETR4.SA,2025-12-22 00:00:00+00:00,30.29328030045586,30.564708757571776,30.147872924804688,30.147872924804688,35896900,yfinance,2026-02-27 03:07:11.672915,3576e748d6e5935b02b5a31a363cc995504db6c70e9b511fea846a61f43d2396,0.0028980656300789955
205,PETR4.SA,2025-12-23 00:00:00+00:00,30.549999237060547,30.56999969482422,30.200000762939453,30.309999465942383,35703900,yfinance,2026-02-27 03:07:11.672915,3576e748d6e5935b02b5a31a363cc995504db6c70e9b511fea846a61f43d2396,0.005363302523141489
206,PETR4.SA,2025-12-26 00:00:00+00:00,30.309999465942383,30.43000030517578,30.1200008392334,30.40999984741211,20178600,yfinance,2026-02-27 03:07:11.672915,3576e748d6e5935b02b5a31a363cc995504db6c70e9b511fea846a61f43d2396,0.003293823221722554
207,PETR4.SA,2025-12-29 00:00:00+00:00,30.559999465942383,30.809999465942383,30.520000457763672,30.729999542236328,20588100,yfinance,2026-02-27 03:07:11.672915,3576e748d6e5935b02b5a31a363cc995504db6c70e9b511fea846a61f43d2396,0.010467864574495679
208,PETR4.SA,2025-12-30 00:00:00+00:00,30.799999237060547,30.959999084472656,30.649999618530273,30.81999969482422,16880600,yfinance,2026-02-27 03:07:11.672915,3576e748d6e5935b02b5a31a363cc995504db6c70e9b511fea846a61f43d2396,0.0029244587440138714
209,PETR4.SA,2026-01-02 00:00:00+00:00,30.959999084472656,30.959999084472656,30.360000610351562,30.709999084472656,21625200,yfinance,2026-02-27 03:07:11.672915,3576e748d6e5935b02b5a31a363cc995504db6c70e9b511fea846a61f43d2396,-0.0035755153493911276
210,PETR4.SA,2026-01-05 00:00:00+00:00,30.700000762939453,30.770000457763672,29.729999542236328,30.200000762939453,48211400,yfinance,2026-02-27 03:07:11.672915,3576e748d6e5935b02b5a31a363cc995504db6c70e9b511fea846a61f43d2396,-0.0167463549969843
211,PETR4.SA,2026-01-06 00:00:00+00:00,30.3700008392334,30.43000030517578,29.6200008392334,29.639999389648438,38095000,yfinance,2026-02-27 03:07:11.672915,3576e748d6e5935b02b5a31a363cc995504db6c70e9b511fea846a61f43d2396,-0.018717169807991537
212,PETR4.SA,2026-01-07 00:00:00+00:00,29.670000076293945,29.829999923706055,29.530000686645508,29.829999923706055,28132900,yfinance,2026-02-27 03:07:11.672915,3576e748d6e5935b02b5a31a363cc995504db6c70e9b511fea846a61f43d2396,0.006389816133304455
213,PETR4.SA,2026-01-08 00:00:00+00:00,29.90999984741211,30.34000015258789,29.790000915527344,30.200000762939453,34125800,yfinance,2026-02-27 03:07:11.672915,3576e748d6e5935b02b5a31a363cc995504db6c70e9b511fea846a61f43d2396,0.012327353674687055
214,PETR4.SA,2026-01-09 00:00:00+00:00,30.170000076293945,30.739999771118164,30.139999389648438,30.299999237060547,27982800,yfinance,2026-02-27 03:07:11.672915,3576e748d6e5935b02b5a31a363cc995504db6c70e9b511fea846a61f43d2396,0.0033057376920838074
215,PETR4.SA,2026-01-12 00:00:00+00:00,30.299999237060547,30.56999969482422,30.209999084472656,30.360000610351562,18947400,yfinance,2026-02-27 03:07:11.672915,3576e748d6e5935b02b5a31a363cc995504db6c70e9b511fea846a61f43d2396,0.001978285295432099
216,PETR4.SA,2026-01-13 00:00:00+00:00,30.360000610351562,31.31999969482422,30.360000610351562,31.139999389648438,54097100,yfinance,2026-02-27 03:07:11.672915,3576e748d6e5935b02b5a31a363cc995504db6c70e9b511fea846a61f43d2396,0.025367174174373893
217,PETR4.SA,2026-01-14 00:00:00+00:00,31.350000381469727,32.529998779296875,31.200000762939453,31.989999771118164,82309300,yfinance,2026-02-27 03:07:11.672915,3576e748d6e5935b02b5a31a363cc995504db6c70e9b511fea846a61f43d2396,0.026930200001024147
218,PETR4.SA,2026-01-15 00:00:00+00:00,31.5,31.93000030517578,31.440000534057617,31.790000915527344,26456600,yfinance,2026-02-27 03:07:11.672915,3576e748d6e5935b02b5a31a363cc995504db6c70e9b511fea846a61f43d2396,-0.006271543084698044
219,PETR4.SA,2026-01-16 00:00:00+00:00,31.950000762939453,32.20000076293945,31.8799991607666,32.040000915527344,70947300,yfinance,2026-02-27 03:07:11.672915,3576e748d6e5935b02b5a31a363cc995504db6c70e9b511fea846a61f43d2396,0.007833347052734115
220,PETR4.SA,2026-01-19 00:00:00+00:00,31.959999084472656,32.209999084472656,31.90999984741211,32.16999816894531,12852900,yfinance,2026-02-27 03:07:11.672915,3576e748d6e5935b02b5a31a363cc995504db6c70e9b511fea846a61f43d2396,0.004049133558182325
221,PETR4.SA,2026-01-20 00:00:00+00:00,32.16999816894531,32.52000045776367,31.940000534057617,32.290000915527344,26300000,yfinance,2026-02-27 03:07:11.672915,3576e748d6e5935b02b5a31a363cc995504db6c70e9b511fea846a61f43d2396,0.003723328790609721
222,PETR4.SA,2026-01-21 00:00:00+00:00,32.5,33.54999923706055,32.43000030517578,33.43000030517578,93270900,yfinance,2026-02-27 03:07:11.672915,3576e748d6e5935b02b5a31a363cc995504db6c70e9b511fea846a61f43d2396,0.03469609643734581
223,PETR4.SA,2026-01-22 00:00:00+00:00,33.380001068115234,34.130001068115234,33.2599983215332,33.58000183105469,71516300,yfinance,2026-02-27 03:07:11.672915,3576e748d6e5935b02b5a31a363cc995504db6c70e9b511fea846a61f43d2396,0.004476996616718505
224,PETR4.SA,2026-01-23 00:00:00+00:00,33.95000076293945,35.47999954223633,33.880001068115234,35.040000915527344,68642600,yfinance,2026-02-27 03:07:11.672915,3576e748d6e5935b02b5a31a363cc995504db6c70e9b511fea846a61f43d2396,0.04255958601872802
225,PETR4.SA,2026-01-26 00:00:00+00:00,35.369998931884766,35.70000076293945,35.040000915527344,35.36000061035156,39869600,yfinance,2026-02-27 03:07:11.672915,3576e748d6e5935b02b5a31a363cc995504db6c70e9b511fea846a61f43d2396,0.009090962834262329
226,PETR4.SA,2026-01-27 00:00:00+00:00,35.5099983215332,36.45000076293945,35.369998931884766,36.130001068115234,47268200,yfinance,2026-02-27 03:07:11.672915,3576e748d6e5935b02b5a31a363cc995504db6c70e9b511fea846a61f43d2396,0.021542319692144155
227,PETR4.SA,2026-01-28 00:00:00+00:00,36.54999923706055,37.439998626708984,36.5,37.34000015258789,46054700,yfinance,2026-02-27 03:07:11.672915,3576e748d6e5935b02b5a31a363cc995504db6c70e9b511fea846a61f43d2396,0.03294156747736211
228,PETR4.SA,2026-01-29 00:00:00+00:00,38.0,38.58000183105469,37.56999969482422,37.70000076293945,58722800,yfinance,2026-02-27 03:07:11.672915,3576e748d6e5935b02b5a31a363cc995504db6c70e9b511fea846a61f43d2396,0.009594972491063121
229,PETR4.SA,2026-01-30 00:00:00+00:00,37.22999954223633,37.97999954223633,37.02000045776367,37.7599983215332,45794700,yfinance,2026-02-27 03:07:11.672915,3576e748d6e5935b02b5a31a363cc995504db6c70e9b511fea846a61f43d2396,0.0015901821352916818
230,PETR4.SA,2026-02-02 00:00:00+00:00,36.779998779296875,37.2400016784668,36.619998931884766,37.2400016784668,38505600,yfinance,2026-02-27 03:07:11.672915,3576e748d6e5935b02b5a31a363cc995504db6c70e9b511fea846a61f43d2396,-0.013866799345901
231,PETR4.SA,2026-02-03 00:00:00+00:00,37.5099983215332,38.31999969482422,37.13999938964844,37.58000183105469,57152800,yfinance,2026-02-27 03:07:11.672915,3576e748d6e5935b02b5a31a363cc995504db6c70e9b511fea846a61f43d2396,0.009088545229021826
232,PETR4.SA,2026-02-04 00:00:00+00:00,37.45000076293945,37.68000030517578,36.970001220703125,37.52000045776367,37955800,yfinance,2026-02-27 03:07:11.672915,3576e748d6e5935b02b5a31a363cc995504db6c70e9b511fea846a61f43d2396,-0.0015979063709500043
233,PETR4.SA,2026-02-05 00:00:00+00:00,37.400001525878906,37.61000061035156,36.900001525878906,37.0,35933100,yfinance,2026-02-27 03:07:11.672915,3576e748d6e5935b02b5a31a363cc995504db6c70e9b511fea846a61f43d2396,-0.013956223694323673
234,PETR4.SA,2026-02-06 00:00:00+00:00,37.209999084472656,37.27000045776367,36.45000076293945,36.650001525878906,27681100,yfinance,2026-02-27 03:07:11.672915,3576e748d6e5935b02b5a31a363cc995504db6c70e9b511fea846a61f43d2396,-0.00950444267776111
235,PETR4.SA,2026-02-09 00:00:00+00:00,36.65999984741211,37.45000076293945,36.54999923706055,37.31999969482422,27089800,yfinance,2026-02-27 03:07:11.672915,3576e748d6e5935b02b5a31a363cc995504db6c70e9b511fea846a61f43d2396,0.01811589783540801
236,PETR4.SA,2026-02-10 00:00:00+00:00,37.31999969482422,37.58000183105469,36.90999984741211,37.349998474121094,24585300,yfinance,2026-02-27 03:07:11.672915,3576e748d6e5935b02b5a31a363cc995504db6c70e9b511fea846a61f43d2396,0.0008035029234359104
237,PETR4.SA,2026-02-11 00:00:00+00:00,37.72999954223633,38.459999084472656,37.689998626708984,38.08000183105469,55863800,yfinance,2026-02-27 03:07:11.672915,3576e748d6e5935b02b5a31a363cc995504db6c70e9b511fea846a61f43d2396,0.01935638728227546
238,PETR4.SA,2026-02-12 00:00:00+00:00,38.04999923706055,38.04999923706055,36.79999923706055,37.11000061035156,39856000,yfinance,2026-02-27 03:07:11.672915,3576e748d6e5935b02b5a31a363cc995504db6c70e9b511fea846a61f43d2396,-0.025802766487985265
239,PETR4.SA,2026-02-13 00:00:00+00:00,37.15999984741211,37.15999984741211,36.529998779296875,36.88999938964844,27507000,yfinance,2026-02-27 03:07:11.672915,3576e748d6e5935b02b5a31a363cc995504db6c70e9b511fea846a61f43d2396,-0.00594599645618995
240,PETR4.SA,2026-02-18 00:00:00+00:00,37.06999969482422,37.38999938964844,36.849998474121094,37.189998626708984,32276700,yfinance,2026-02-27 03:07:11.672915,3576e748d6e5935b02b5a31a363cc995504db6c70e9b511fea846a61f43d2396,0.008099375947218804
241,PETR4.SA,2026-02-19 00:00:00+00:00,37.5,38.2400016784668,37.439998626708984,37.810001373291016,48355000,yfinance,2026-02-27 03:07:11.672915,3576e748d6e5935b02b5a31a363cc995504db6c70e9b511fea846a61f43d2396,0.016533783213055885
242,PETR4.SA,2026-02-20 00:00:00+00:00,37.66999816894531,37.970001220703125,37.45000076293945,37.970001220703125,51949800,yfinance,2026-02-27 03:07:11.672915,3576e748d6e5935b02b5a31a363cc995504db6c70e9b511fea846a61f43d2396,0.004222752169175518
243,PETR4.SA,2026-02-23 00:00:00+00:00,37.970001220703125,39.25,37.849998474121094,38.59000015258789,55061500,yfinance,2026-02-27 03:07:11.672915,3576e748d6e5935b02b5a31a363cc995504db6c70e9b511fea846a61f43d2396,0.016196773110748013
244,PETR4.SA,2026-02-24 00:00:00+00:00,38.86000061035156,39.65999984741211,38.86000061035156,39.56999969482422,43263600,yfinance,2026-02-27 03:07:11.672915,3576e748d6e5935b02b5a31a363cc995504db6c70e9b511fea846a61f43d2396,0.025078068181425286
245,PETR4.SA,2026-02-25 00:00:00+00:00,39.939998626708984,39.970001220703125,39.029998779296875,39.56999969482422,26012300,yfinance,2026-02-27 03:07:11.672915,3576e748d6e5935b02b5a31a363cc995504db6c70e9b511fea846a61f43d2396,0.0
246,PETR4.SA,2026-02-26 00:00:00+00:00,0.0,0.0,0.0,39.61000061035156,0,yfinance,2026-02-27 03:07:11.672915,3576e748d6e5935b02b5a31a363cc995504db6c70e9b511fea846a61f43d2396,0.001010379357821177
